dvd_num,title
white-1,Aardman Classics (not work on laptop)
white-2,Atlantis
white-3,Balto
white-4,Beauty and the Beast (Disney)
white-5,Beauty and the Beast and Little Mermaid
white-6,Colour Cartoons Vol 1-2
white-7,Colours time
white-8,Eldorado
white-9,Disney Fables – Vol 1	The Legend of Sleepy Hollow The Prince and the Pauper.
white-10,Disney Fables – Vol 2	Little Hiawatha The Ugly Duckling
white-11,Flipper
white-12,Free Willy 2 – The Adventure Home
white-13,Free Willy 3 – The Rescue
white-14,Inspector Gadgets Last Case
white-15,Hey Arnold
white-16,Jimmy Neutron Boy Genius. (Not work on laptop)
white-17,Lilo and Stitch
white-18,The Little Mermaid II – Return to the Sea
white-19,Mickey’s House of Mouse
white-20,Mr Men and Little Miss The Joke is on Little Miss Naughty
white-21,Mr Men and Little Miss – Mr Bump goes on a trip
white-22,Pinocchio
white-23,Sitting Ducks
white-24,Treasure Planet
white-25,Finding Nemo
white-26,Free Willy
white-27,Snow White
white-28,Spirit
white-29,Alice in Wonderland
white-30,Jungle Book and Snow White
white-31,Rescuers Down Under
white-32,Barbie Rapunzel
white-33,Lassie in the Painted Hills
white-34,Last Unicorn
white-35,Spiderman Disc 1
white-36,Spiderman Disc 2
white-37,The Little Mermaid & Little Mermaid II
white-38,The Fox and the Hound
white-39,Ice Age
white-40,Whales – An Unforgettable Journey
white-41,The Emperor’s New Groove
white-42,Stitch - The Movie
white-43,The Jungle Book
white-44,Help! I’m a Fish
white-45,"Monsters, Inc"
white-46,Robin Hood
white-47,Atlantis – Milo’s Return
white-48,Hans Christian Andersen’s “The Little Mermaid”
white-49,Happily Ever After “Goldilocks and the Three Bears” & “The Little Mermaid”
white-50,Looney tunes “Back in Action”
white-51,The Aquarium
white-52,Yule Be Wiggling
white-53,Cartoon Hall of Fame Vol 1
white-54,Cartoon Hall of Fame Vol 2
white-55,Cartoon Hall of Fame Vol 5
white-56,Cartoon Festival Volume 1
white-57,Porky Pig and Friends Volume 2
white-58,Mr Men The Complete Original TV Series
white-59,Vampires Pirates Aliens Vol 2
white-60,Bedknobs and Broomsticks
white-61,Basil The Great Mouse Detective
white-62,The Sword and the Stone
white-63,Dumbo
white-64,Sleeping Beauty
white-65,Hercules
white-66,Cartoon Hall of Fame   Vol 4
white-67,Cartoon Hall of Fame   Vol 3
white-68,Clifford’s Really Big Movie
white-69,Disney Winter Wonderland
white-70,Aladdin Special Edition
white-71,The Muppets Christmas Carol
white-72,Tom and Jerry Classic Collection Vol. 2
white-73,Danger Mouse Saves the World Again
white-74,Garfield
white-75,The Little Polar Bear
white-76,The Wombles Vol. 1
white-77,Woody WoodPecker and Friends
white-78,Tom and Jerry The Movie
white-79,Tom and Jerry’s Greatest Chases
white-80,Great White – Deep Trouble
white-81,Daffy Duck “Its Duck Season” {2 copies}
white-82,Cartoon Festival Vol. 1
white-83,Cartoon Festival Vol. 4
white-84,Cartoon Festival Vol. 5
white-85,Cartoon Festival Vol. 6
white-86,Pacific Dreams
white-87,Oliver and Company
white-88,The Aristocats
white-89,The Brave Little Toaster
white-90,Cartoon Classics – Disc 1
white-91,Cartoon Classics – Disc 2
white-92,Cartoon Classics – Disc 3
white-93,Cartoon Classics – Disc 4
white-94,Pink Panther Cartoon Collection – Disc 1
white-95,Pink Panther Cartoon Collection – Disc 2
white-96,Pink Panther Cartoon Collection – Disc 3
white-97,Pink Panther Cartoon Collection – Disc 4
white-98,Mickey Donald Goofy The Three Musketeers
white-99,The Ultimate Guide. Dolphins and Whales
white-100,Elf
white-101,Dolphins. The Wild Side.
white-102,Toys
white-103,"Jacques Cousteau- Dolphins, Whales, Warm       Blooded Sea Mammals"
white-104,Cartoon Festival- Vol 6
white-105,Cartoon Festival- Vol 7
white-106,Looney Tunes Collection- All Stars Vol. 1
white-107,Looney Tunes Collection- All Stars Vol. 2
white-108,Double Feature- Bugs Bunny and Friends Daffy Duck- It’s Duck Season
white-109,Inspector Gadget’s Biggest Caper Ever
white-110,A Goofy Movie
white-111,Wallace and Gromit…’The Curse of the Were Rabbit’
white-112,Mr. Strong makes a Splash
white-113,Mr. Tickle Saves the Day
white-114,The Treacle People “Treacle Trouble”
white-115,The Blobs
white-116,Chicken Little
white-117,Cartoon Classics   Vol 12
white-118,Porky Pig and Friends
white-119,Inspector Gadget Disc 1
white-120,Inspector Gadget Disc 2
white-121,Inspector Gadget Disc 3
white-122,Inspector Gadget Disc 4
white-123,Inspector Gadget Disc 5
white-124,Inspector Gadget Disc 6
white-125,Bug Alert – Numbers
white-126,Bertha – The Best Machine Competition
white-127,A Pup Named Scooby-Doo {2 Discs}
white-128,Cartoon Festival Volume 6
white-129,Garfield The Movie
white-130,Chicken Run
white-131,Snailsbury Tales- Drought
white-132,The Never Ending Story II- The Next Chapter
white-133,Preston Pig – Football Champion
white-134,You are Arthur
white-135,The Black Cauldron
white-136,Cartoon Festival Vol 8
white-137,A Letter for George – The Koala Brothers
white-138,The Koala Brothers – Archie’s New Home
white-139,The Koala Brothers – Ned The Pilot
white-140,The Wombles – Vol 2
white-141,Stickin Around Volume 2
white-142,Richard Scarry’s Best Learning Collection
white-143,Peppa Pig – New Shoes
white-144,Fifi and the Flowertots
white-145,Sesame – Imagine with Me
white-146,Bob The Builder – Put It Together
white-147,Peppa Pig – Flying A Kite
white-148,Noddy – A Bike for Big Ears
white-149,Sesame Street – The Best of Ernie and Bert
white-150,Fireman Sam – Fun Run
white-151,Bernard
white-152,Wallace and Grommit 3 Cracking Adventures
white-153,Atlantis – Milo’s Return
white-154,Pingu Forever
white-155,Miracles From the Wild Side
white-156,"Dolphins, The Wild Side"
white-157,Animals Up Close: Crittercam
white-158,Dr Dog – Doing What comes Naturally
white-159,Shark Tale
white-160,The Grim Adventures of Billy and Mandy (season 1) Disc 1
white-161,The Grim Adventures of Billy and Mandy (season 1) Disc 2
white-162,Krypto the Superdog – Super Pets Unleashed
white-163,Krypto the Superdog – Cosmic Canine
white-164,Mr Clever – Mr Clever’s Invention
white-165,Mr Clumsy – Head Butler
white-166,Pingu. Pingu In Paradise
white-167,Xiaolin – Showdown (Season 1) Disc 1
white-168,Xiaolin – Showdown (Season 1) Disc 2
white-169,Mucha Lucha – The Return of El Malefico
white-170,Static Shock The New Kid Vol. 1
white-171,The Adventures of Jimmy Neutron – Confusion Fusion
white-172,Charlie and Lola – Series 1 Disc 1
white-173,Charlie and Lola – Series 1 Disc 2
white-174,Charlie and Lola – Series 1 Disc 3
white-175,Charlie and Lola – Series 1 Disc 4
white-176,Ducktales Vol 2
white-177,Hoodwinked
white-178,Pixar Short Films
white-179,Dr Seuss Horton Hears a Who!
white-180,Lady and the Tramp
white-181,Pochahontas II. Journey to a New World
white-182,Pochahontas
white-183,Stuart Little 3. Call of the Wild
white-184,Sleeping Beauty
white-185,Peter Pan
white-186,Donkey Xote
white-187,Lion King 2 – Simba’s Pride
white-188,Bee Movie
white-189,Shaun the Sheep – Still Life
white-190,Planet Sketch
white-191,The Fat Albert Halloween Special
white-192,Alvin and the Chipmunks meet Frankenstein
white-193,The Fat Albert Christmas Special
white-194,Jack and Marcel Vol 1
white-195,Herman and Friends
white-196,Santa’s Mouse and the Rat Deer
white-197,"Olive, the other Reindeer"
white-198,Journey to the Centre of the Earth
white-199,How Green was my Lunch Meat
white-200,Hamtaro little Hamsters big adventures
white-201,Archibald the Koala Vol 5
white-202,Don Quixote
white-203,Prince and the Pauper
white-204,Noah’s Ark
white-205,Jack and the Beanstalk/ Jungle Book
white-206,Beany and Cecil – Crime doesn’t pay
white-207,Dr. Jekyll and Mr. Hyde
white-208,The 3 Stooges Vol 2
white-209,Archie’s Weird Mysteries Vol 4
white-210,Archie’s Weird Mysteries Vol 5
white-211,Archie’s Weird Mysteries Vol 6
white-212,The Waterhorse Legend of the Deep
white-213,Santa Clause
white-214,Santa Clause 2
white-215,Santa Clause 3 The Escape Clause
white-216,Charlie and Lola five
white-217,Charlie and Lola six
white-218,Charlie and Lola seven
white-219,Charlie and Lola eight
white-220,The Wubbulous World of Dr. Suess
white-221,Wallace and Gromit “A Matter of Loaf and Death
white-222,The Amazing Adrenalini Brothers
white-223,Mee-Shee ‘The Water Giant’
white-224,Ducktales Vol1
white-225,Shaun the Sheep ‘Save the Tree’
white-226,The Wild
white-227,Shaun the Sheep ‘Shape up with Shaun’
white-228,Yo Gabba Gabba
white-229,Dora Saves the Mermaids
white-230,Go Diego Go ‘Safari Rescue’
white-231,Go Diego Go ‘Wolf Pup Rescue’
white-232,The Smurfs Time Travellers Disc 1
white-233,The Smurfs Time Travellers Disc 2
white-234,The Smurfs Time Travellers Disc 3
white-235,Camp Lazlo season 1  Disc 1
white-236,Camp Lazlo season 1  Disc 2
white-237,The Mr. Men Show. Mr. Happy and Friends go to Work Vol. 5
white-238,The Amazing Adrenalini Brothers ‘Mother of Mayhem’
white-239,Shaun the Sheep        ‘Washday’
white-240,Shaun the Sheep        ‘Abracadabra’
white-241,Gumby Dharma
white-242,Wow Wow Wubbzy season 1  Disc 1
white-243,Wow Wow Wubbzy season 1  Disc 2
white-244,Yo Gabba Gabba   ‘Fun with Friends
white-245,The Mr. Men Show  Volume 3
white-246,The Reef
white-247,The Tortoise and the Hare
white-248,Chip’n’ Dale Rescue Rangers  Vol 3
white-252,Astroboy  Collection 2 Disc 2
white-253,Astroboy Collection 2 Disc 3
white-254,Astroboy Collection 2  Disc 4
white-255,Astroboy Collection 2   Disc 5
white-268,Alvin and the Chipmunks meet the Wolfman
white-274,Sponge Bob  Halloween
white-276,101 Dalmatians    Disc 2
white-294,Fraggle Rock  The Complete 1st season Disc 3
white-295,Fraggle Rock  The Complete 1st season Disc 4
white-302,Paddington- 50th Anniversary  Disc 2
white-305,Johnny Test The Complete 1st and 2nd season Disc 2
white-306,Johnny Tset The Complete 1st and 2nd season Disc 3
white-310,Arthur -  The Complete Series 1 Disc 2
white-311,Arthur -  The Complete Series 1 Disc 3
white-312,Upside Down Show   Vol 3
white-323,The Addams Family Vol 3  Disc 1
white-353,The Garfield Show – Odie Oh!
white-354,BBC Children’s Favourites 2
white-355,Harry and His Dinosaurs Vol 1
white-356,Harry and His Dinosaurs Vol 2
white-357,Harry and His Dinosaurs Vol 3
white-358,Foster’s Home for Imaginary Friends
white-359,Sheep in The Big City
white-360,Thumberlina
white-361,Little Mermaid
white-362,Beauty and the Beast
white-363,Alice in Wonderland
white-364,Sinbad
white-365,Snow White
white-366,Moby Dick
white-367,Cinderella
white-368,The Little Princess
white-369,Sleeping Beauty
white-370,Diego Saves the World
white-371,Pearlie – Hurly Burly
white-372,Pearlie – Magic in the City
white-373,Looney Tunes – Reality Check
white-374,The Super Hero Squad Show
white-375,Sesame Street – Silly Story Time
white-376,The New Adventures of Captain Planet  Disc 1
white-377,The New Adventures of Captain Planet  Disc 2
white-378,The New Adventures of Captain Planet  Disc 3
white-379,The New Adventures of Captain Planet  Disc 4
white-380,Puss in Boots
white-381,Shaun the Sheep
white-382,Looney Tunes Collection – All Stars Vol 3
white-383,The Jungle Book – Vol 2
white-384,Dolphin Tale
white-385,Creep School – Back to School
white-386,Creep School – Joyeusen Halloween
white-387,The Smurfs – The Magic Flute
white-388,Gumby – The Movie
white-389,Mona – Disc 1
white-390,Mona – Disc 2
white-391,Mona – Disc 3
white-392,White Fang – Disc 1
white-393,White Fang – Disc 2
white-394,White Fang – Disc 3
white-395,Barbie in a Mermaid Tale – Disc 1
white-396,The Little Mermaid – Disc 1
white-397,The Little Mermaid – Disc 2
white-398,Cinderella – Disc 1
white-399,Cinderella – Disc 2
white-400,Jungle Book - Disc 1
white-401,Jungle Book – Disc 2
white-402,Lady and the Tramp.
white-403,Jimmy Two Shoes – Disc 1
white-404,Jimmy Two Shoes – Disc 2
white-405,Jimmy Two Shoes – Disc 3
white-406,Jimmy Two Shoes – Disc 4
white-407,Jimmy Two Shoes – Disc 5
white-408,Jimmy Two Shoes – Disc 6
white-409,Jimmy Two Shoes – Disc 7
white-410,Jimmy Two Shoes – Disc 8
white-411,Jimmy Two Shoes – Disc 9
white-412,Jimmy Two Shoes – Disc 10
white-413,Mike the Knight
white-414,Care Bears Adventures in Care – a – lot
white-415,Care Bears Festival of Fun
white-416,Rupert Undersea Adventures
white-417,Looney Tunes Best of Road Runner
white-418,Octonauts “Jumpin Jellfish”
white-419,Wayside the Movie
white-420,A Bug’s Life   Disc 1
white-439,Disney Ducktales  Volume 3  Disc 2
white-440,Disney Ducktales  Volume 3  Disc 3
white-441,Gummi Bears    Volume 1  Disc 1
white-442,Gummi Bears    Volume 1  Disc 2
white-443,Gummi Bears    Volume 1  Disc 3
white-459,My Gym Partners A Monkey –King of the Jungle
white-460,Juniper Lee –The Complete Session 1 Disc 1
white-461,Juniper Lee –The Complete Session 1 Disc 2
white-463,Franny’s Feet- Under the Sea
white-467,Children’s 10 cartoon collection Disc 2
white-468,Children’s 10 cartoon collection Disc 3
white-469,Children’s 10 cartoon collection Disc 4
white-474,Shaun the Sheep- Prickly Heat
white-498,He-Man Master’s of the Universe Season 1 Disc 4
white-499,He-Man Master’s of the Universe Season 1 Disc 5
white-500,He-Man Master’s of the Universe Season 1 Disc 6
white-501,Scooby Doo Mystery Incorporated Season 1 Vol 4
white-502,Scooby Doo Mystery Incorporated Season 1 Vol 5
white-503,Looney Toons ‘KoAeKuuЯ’ Best of Daffy and Porky
white-504,Scooby Doo Mask of the Blue Falcon
white-505,Mulan
white-506,Tom and Jerry ‘Robin and his Merry Mouse’
white-507,Cloud Babies ‘Fly Away Home’
white-508,AeZeHAama 3a CEBePHuЯ BЯmъp.
white-530,Scooby Doo Mystery Inc Season 1 Vol 2
white-531,Scooby Doo Mystery Inc Season 1 Vol 3
white-534,DANGER IN THE DEEP  DISC 2
white-546,My Friend Rabbit – Fishing For the Moon
white-547,"Ed, Edd ‘n’ Eddy – Complete 1st Season Disc 1"
white-548,"Ed, Edd ‘n’ Eddy – Complete 1st Season Disc 2"
white-553,Woody Woodpecker and friends Disc 2
white-554,Woody Woodpecker and friends Disc 3 
white-556,Frankenstein Jr and the Impossibles Disc 2
white-558,The Addams Family Disc 2
white-559,The Addams Family Disc 3
white-560,The Addams Family Disc 4
white-562,Captain Caveman and the Teen Angels Disc 2
white-584,Snack Pack   Kids Favourites
white-588,Franklin Volume 1
white-589,Max and Ruby “Max’s Chocolate Chicken”
white-590,George Shrinks
white-591,Babar Disc 1
white-592,Babar Disc 2
white-593,"Pound Puppies “Puppies, puppies everywhere!”"
white-594,Little Miss Naughty
white-595,Mr Strong
white-596,Scooby Doo Abracadabra-Doo
white-597,Scooby Doo Camp Scare
white-598,Scooby Doo and the Ghoul School
white-599,SPACE JAM
white-600,Sesame Street – Alphabet Pack
white-601,Sesame Street – Numbers Pack
white-602,Sesame Street – Singing Pack
white-603,Little Miss Chatterbox Finds Her Calling
white-604,Bambaloo Volume 4 Disc 1
white-605,Bambaloo Volume 4 Disc 2
white-606,Bambaloo Volume 3 Disc 1
white-607,Bambaloo Volume 3 Disc 2
white-608,Bambaloo Volume 3 Disc 3
white-609,Barbie The Pearl Princess
white-610,Balto
white-611,Cow and Chicken Series 1 Disc 1
white-612,Cow and Chicken Series 1 Disc 2
white-613,Teenage Mutant Ninja Turtles “Rise of the Turtles”
white-614,Tom and Jerry “No Mice Allowed” Disc 1
white-615,Tom and Jerry “No Mice Allowed” Disc 2
white-616,Scooby Doo Mayan Monster Mystery
white-617,The Dolphin “Story of a Dreamer”
white-631,Looney Tunes Collection ‘All Stars’ Vol 1
white-668,Henry The Huggle Monster
white-675,TOM and JERRY Santa’s Little Helpers
white-676,The WILD Thornberry’s  MOVIE
white-677,Shaun the Sheep MOVIE
white-681,A very Nickelodeon Christmas
white-684,"Milly, Molly Animal Friends"
white-685,Spongebob Squarepants
white-686,Spongebob Squarepants
white-688,Tangled
white-705,PAW PATROL ‘Meet Everest’
white-706,DORA and Friends ‘Feel the Music’
white-713,Looney Tunes Season 1 Volume 1
white-715,Looney Tunes Season 1 Volume 3
white-716,Looney Tunes Show Season 1 Volume 1
white-723,WONDER TOONS Volume 1
white-724,Looney  Tunes Collection Best of Tweety and Sylvester Volume 1 
white-734,Tom and Jerry Tricks and Treats
white-736,THE BFG ‘Big Friendly Giant’
white-747,Mickey’s Christmas Carol
white-749,THE MUPPETS TAKE MANHATTEN
white-751,Abc Kids ‘Ready Steady Go’
white-770,Scooby Doo! 13 Spooky Tales For the Love of Snack Disc 1 For the Love of Snack Disc 2
white-776,LITTLE RED RIDING HOOD
white-786,The Bugs Bunny Road Runner Movie
white-787,Shaun the Sheep – Happy Farmers Day
white-788,The Adventures of Ichabod and Mr. Toad
white-789,Fantasia 2000
white-790,The Emperor's New Clothes
white-791,Cartoon Festival Vol. 8 
white-807,Cartoon Network   ‘Halloween’  
white-809,Basil the Great Mouse Detective
white-841,CARTOON FESTIVAL VOL 1
white-847,JUSTICE LEAGUE VOL 1 
white-855,DUCKTALES  Volume 2
white-856,DUCKTALES   Volume 3
white-862,Tale Spin   Vol 1 Disc 2
white-863,Tale Spin   Vol 1 Disc 3
white-865,Dark Wing Duck  Vol 1   Disc 2
white-866,Dark Wing Duck  Vol 1   Disc 3
white-875,Back at the BARNYARD  Disc 2
white-878,House of Mouse and Bonkers
white-879,Albert the 5th Musketeer
white-880,Widget the World Watcher
white-881,Where’s Wally?
white-882,"Mike, Lu & Og"
white-883,Funny Bone and Ned’s Newt
white-884,Around the World with TIMON and PUMBAA
white-885,On Holiday with TIMON and PUMBAA
white-886,Dining Out with TIMON
white-887,Rusty Rivets
white-888,Whale of a Birthday…. SpongeBob Squarepants
white-889,I’m Not Oscar’s friend Anymore
white-890,The 3 Stooges    Vol 1
white-891,Jack and the Beanstalk   Jungle Book
white-892,KRYPTO the SUPERDOG
white-893,Ultimate Retro Cartoon 80 -90 Intro’s part 6   part 9 part 11 part 12
white-894,Barbie Dolphin Magic
white-895,THUNDERCATS         disc 1
white-896,THUNDERCATS          disc 2
white-897,CONAN THE BARBARIAN
white-898,Blinky Bill The Escape and other Wild Tales
white-899,SUPERHERO GIRLS
white-900,MIGHTY  MOUSE        disc 1
white-901,MIGHTY MOUSE         disc 2
white-902,MIGHTY MOUSE         disc 3
white-903,WOODY WOODPECKER plus MIGHTY MOUSE
white-905,DRAGONBALL Z    Season Six     disc 2
white-906,DRAGONBALL Z    Season Six     disc 3
white-907,DRAGONBALL Z    Season Six     disc 4
white-908,DRAGONBALL Z    Season Six     disc 5
white-909,DRAGONBALL Z    Season Six     disc 6
white-910,HONG KONG PHOOEY  Vol 2
white-911,THE PERILS OF PENELOPE PITSTOP vol 1
white-912,Care Bears Making Friends
white-913,IRONMAN      RISE OF TECHNOVORE
white-914,AVENGERS CONFIDENTIAL
white-915,THOR
white-916,Peppa’s  Australian Holiday
white-917,Bananaman  Series One
white-918,Bananaman  Series Two
white-919,Bananaman  Series  Three
white-920,Rio  2
white-921,Epic
white-922,Snoopy and Charlie Brown
white-923,Adventures of Galaxy Rangers Vol 2 disc 5
white-924,Adventures of Galaxy Rangers Vol 2 disc 6
white-925,Adventures of Galaxy Rangers Vol 2 disc 7
white-926,Adventures of Galaxy Rangers Vol 2 disc 8
white-927,Adventures of Sonic the Hedgehog  disc 1
white-928,Adventures of Sonic the Hedgehog  disc 2
white-929,Adventures of Sonic the Hedgehog  disc 3
white-930,Adventures of Sonic the Hedgehog   disc 4
white-931,Adventures of Sonic the Hedgehog   disc 5
white-932,Adventures of Sonic the Hedgehog   disc 6
white-933,Adventures of Sonic the Hedgehog   disc 7
white-934,Camelot
white-935,Cartoon Collection
white-936,Popeye and Friends  Volume 1
white-937,Mr BUMP goes on a trip
white-938,TAZ-MANIA   Disc 1
white-939,TAZ-MANIA   Disc 2
white-940,ANIMANIACS     Disc 1
white-941,ANIMANIACS     Disc 2
white-942,ANIMANIACS     Disc 3
white-943,ANIMANIACS     Disc 4
white-944,ANIMANIACS     Disc 5
white-945,DUCK DODGERS  Disc 1
white-946,DUCK DODGERS  Disc 2
white-947,PINKY and THE BRAIN VOLUME 2 Disc 1
white-948,PINKY and THE BRAIN VOLUME 2 Disc 2
white-949,PINKY and THE BRAIN VOLUME 2 Disc 3
white-950,PINKY and THE BRAIN VOLUME 2 Disc 4
white-951,TINY TOON Adventures  Disc 1
white-952,TINY TOON Adventures  Disc 2
white-953,TINY TOON Adventures  Disc 3
white-954,TINY TOON Adventures  Disc 4
white-955,FREAKAZOID  Disc 1
white-956,FREAKAZOID  Disc 2
white-957,TOON TIME   VOL 1
white-958,GORDON the Garden GNOME
white-959,ALICE IN WONDERLAND
white-960,Pinocchio and Aladdin
white-961,MADELINE
white-962,All Dogs Go To Heaven
white-963,WHERE THE WILD THINGS ARE
white-964,Rock a Doodle
white-965,ANNABELLE’S WISH
white-966,AVENGERS THORS LAST STAND
white-967,SHERLOCK GNOMES
white-968,THE SECRET OF THE HUNCHBACK
white-969,"DISC 1 BLACK BEAUTY, ROBIN HOOD, WIND IN THE WILLOWS"
white-970,"DISC 2 BEAUTY AND THE BEAST, PUSS IN BOOTS, CINDERELLA"
white-971,"DISC 3 HANSEL AND GRETEL, MULAN"
white-972,"DISC 4 THE LITTLE MERMAID, GOLDILOCKS AND THE 3 BEARS"
white-973,"ANIMATED TALES OF HANS CHRISTIAN ANDERSEN, JACK THE FOOL, THE GOLDEN TREASURE, THE OLD STREET LAMP, THE LOVERS"
white-974,EASTER IN BUNNYLAND
white-975,"THE ANIMATED TALES OF HANS CHRISTIAN ANDERSEN, THE SWINEHERD, THE TRAVELLING COMPANION, THE JUMPER, THE SNOWMAN"
white-976,"THE ANIMATED TALES OF HANS CHRISTIAN ANDERSEN, THE GALOSHES OF FORTUNE, THE SAUSAGE PEG SOUP, THE GARDENER AND THE FAMILY"
white-977,"THE ANIMATED TALES OF HANS CHRISTIAN ANDERSEN, IT’S QUITE TRUE,  SHUTEYE, THE BEETLE, THE BOTTLE NECK"
white-978,INSPECTOR GADGET 
white-980,ROB ROY
white-981,Anastasia
white-982,TOM and JERRY CLASSIC COLLECTION vol 1
white-983,Oliver And COMPANY
white-984,THE Underdog SHOW Col 4 Vol 1-13
white-985,THE Underdog SHOW Col 4 Vol 1-14
white-986,THE Underdog SHOW Col 4 Vol 1-15
white-987,The Magic of the Faraway Tree
white-988,Nella THE PRINCESS KNIGHT  ROYAL QUESTS
white-989,RISE OF THE TEENAGE MUTANT NINJA 
white-991,THE MAGIC ROUNDABOUT Dougal’s Darling
white-992,THE MAGIC ROUNDABOUT  The Wishing Tree
white-993,FRANKENSTEIN
white-994,CARTOON CLASSICS  VOL 3
white-995,CARTOON CLASSICS  VOL 4
white-996,PORKY PIG and FRIENDS    VOL 2
white-997,Tom and Jerry the Lost Dragon
white-998,MICKEY’S MAGICAL CHRISTMAS
white-999,DUMBO
green-1,CAT DOG VOLUME 1. Season 1. Disc 1.
green-2,CAT DOG VOLUME 1. Season 1. Disc 2.
green-3,CAT DOG VOLUME 1. Season 1. Disc 3.
green-4,CAT DOG VOLUME 1. Season 1. Disc 4.
green-5,CAT DOG VOLUME 1. Season 2. Disc 1.
green-6,CAT DOG VOLUME 1. Season 2. Disc 2.
green-7,CAT DOG VOLUME 2. Season 2. Disc 3.
green-8,CAT DOG VOLUME 2. Season 2. Disc 4.
green-9,CAT DOG VOLUME 2. Season 3. Disc 1.
green-10,CAT DOG VOLUME 2. Season 3. Disc 2.
green-11,CAT DOG VOLUME 2. Season 3. Disc 3.
green-12,REN & STIMPY VOLUME 1 Season 1 & 2 Disc 1
green-13,Season 1 & 2 Disc 2
green-14,Season 1 & 2 Disc 3
green-15,REN & STIMPY VOLUME 1Season 3 & Half-ish Disc 1.
green-16,Season 3 & Half-ish Disc 2.
green-17,Season 3 & Half-ish Disc 3.
green-18,REN & STIMPY VOLUME 2 Season 5 & Some more of 4 Disc 1
green-19,Season 5 & Some more of 4 Disc 2
green-20,Season 5 & Some more of 4 Disc 3
green-21,REN & STIMPY VOLUME The Lost Episodes Disc 1.
green-22,The Lost Episodes Disc 2.
green-23,The MR MAGOO Show Disc 1
green-24,The MR MAGOO Show Disc 2
green-25,The MR MAGOO Show Disc 3
green-26,The MR MAGOO Show Disc 4
green-27,OVER the GARDEN WALL
green-28,STICK MAN
green-29,BLUEY - Grannies and Other Stories VOL 4
green-32,Adventures on the RED PLANE - a whole wide world to explore
green-34,The Underdog Show Disc 1
green-35,The Underdog Show Disc 2
green-36,The Underdog Show Disc 3
green-37,The Underdog Show Disc 4
green-38,The Underdog Show Disc 1
green-39,The Underdog Show Disc 2
green-40,The Underdog Show Disc 3
green-42,THUNDARR The BARBARIAN Disc 2
green-43,THUNDARR The BARBARIAN Disc 3
green-44,THUNDARR The BARBARIAN Disc 4
green-45,PAC-MAN Disc 1
green-46,PAC-MAN Disc 2
green-47,Wheelie and the Chopper Bunch Disc 1
green-48,Wheelie and the Chopper Bunch Disc 2
green-49,Wheelie and the Chopper Bunch Disc 3
green-50,EARTHWORM JIM Disc 1
green-51,EARTHWORM JIM Disc 2
green-52,EARTHWORM JIM Disc 3
green-53,BLACK DYNAMITE Disc 1
green-54,BLACK DYNAMITE Disc 2
green-55,SWAT KATS THE RADICAL SQUADRON Disc 1
green-56,SWAT KATS THE RADICAL SQUADRON Disc 2
green-57,SWAT KATS THE RADICAL SQUADRON Disc 3
green-58,SWAT KATS THE RADICAL SQUADRON Disc 4
green-59,SWAT KATS THE RADICAL SQUADRON Disc 5
green-60,LOOPY DELOOP Disc 1
green-61,LOOPY DELOOP Disc 2
green-62,JABBERJAW Disc 1
green-63,JABBERJAW Disc 2
green-64,JABBERJAW Disc 3
green-65,JABBERJAW Disc 4
green-66,Shirt Tales Disc 1
green-67,Shirt Tales Disc 2
green-68,Shirt Tales Disc 3
green-69,BUNNICULA Disc 1
green-70,BUNNICULA Disc 2
green-71,ROCKO’S MODERN LIFE Disc 1
green-72,ROCKO’S MODERN LIFE Disc 2
green-73,ROCKO’S MODERN LIFE Disc 3
green-74,ROCKO’S MODERN LIFE Disc 4
green-75,ROCKO’S MODERN LIFE Disc 1
green-76,ROCKO’S MODERN LIFE Disc 2
green-77,ROCKO’S MODERN LIFE Disc 3
green-78,ROCKO’S MODERN LIFE Disc 4
green-79,MAGILLA GORILLA Disc 1
green-80,MAGILLA GORILLA Disc 2
green-81,MAGILLA GORILLA Disc 3
green-82,HONG KONG PHOOEY Disc 1
green-83,HONG KONG PHOOEY Disc 2
green-84,The SCOOBY-DOO! DYNOMUTT HOUR
green-85,The SCOOBY-DOO! DYNOMUTT HOUR
green-86,The SCOOBY-DOO! DYNOMUTT HOUR
green-87,The SCOOBY-DOO! DYNOMUTT HOUR
green-88,JUSTICE LEAGUE Disc 1
green-89,JUSTICE LEAGUE Disc 2
green-90,JUSTICE LEAGUE Disc 3
green-91,JUSTICE LEAGUE Disc 4
green-92,THE HUCKLEBERRY HOUND SHOW Disc 1
green-93,THE HUCKLEBERRY HOUND SHOW Disc 2
green-94,THE HUCKLEBERRY HOUND SHOW Disc 3
green-95,HARVEYTOONS Disc 1
green-96,HARVEYTOONS Disc 2
green-97,HARVEYTOONS Disc 3
green-98,HARVEYTOONS Disc 4
green-99,HARVEYTOON VOL 2  Disc 1
green-100,HARVEYTOONS Disc 2
green-101,HARVEYTOONS Disc 3
green-102,HARVEYTOONS Disc 4
green-103,STREET FIGHTER ALPHA Disc 1
green-104,IRON MAN Disc 1
green-105,IRON MAN Disc 2
green-106,IRON MAN Disc 3
green-107,IRON MAN Disc 4
green-108,25 YEARS Disc 1
green-109,25 YEARS Disc 2
green-110,25 YEARS Disc 3
green-111,FANSHAW & CRUDNUT Disc 1
green-112,IRON MAN Disc 1
green-113,DUCKMAN Disc 1
green-114,DUCKMAN Disc 2
green-115,DUCKMAN Disc 3
green-116,DUCKMAN Disc 4
green-117,DUCKMAN Disc 5
green-118,DUCKMAN Disc 6
green-119,DUCKMAN Disc 7
green-120,DUCKMAN Disc 8
green-121,DUCKMAN Disc 9
green-122,DUCKMAN Disc 10
green-123,AVENGERS CONFIDENTIAL Disc 1
green-124,THOR Disc 1
green-125,Wakfu Disc 1
green-126,Wakfu Disc 1
green-127,Wakfu Disc 1
green-128,Wakfu Disc 1
green-129,SANTA’S Apprentice Disc 1
green-157,Marsupilami A Tail of Two Cities Disc 1
green-158,Marsupilami A Tail of Two Cities Disc 2
green-159,SAUVEZ WILLY LA SERIE ANIMEE 2
green-160,SAUVEZ WILLY LA SERIE ANIMEE  3
green-161,Swiss Family Robinson
green-162,Pingu BOOGALOO
green-163,BABAR The Movie
green-169,GARFIELD RODENT REBELLION
green-171,FROZEN
green-172,MOANA
green-173,nickelodeon 90’s FAN FAVES
green-174,James and the GIANT PEACH
green-175,A Shaun the Sheep MOVIE
green-176,MOANA
green-177,BIG HERO 6
green-178,FERDINAND
green-179,My Neighbor Totoro
green-180,COCO
green-181,TOY STORY 4
green-182,GARFIELD & Cie
green-183,HAMTARO little hamsters big adventures
green-184,HAMTARO little hamsters big adventures
green-185,BLUEY STICKY GECKO and other stories
green-186,TOM and JERRY CLASSIC COLLECTION
green-187,Leo the LION King of the Jungle
green-190,Widgets Great Whale Adventure
green-191,Widget Of The Jungle
green-193,Best of Bugs Bunny volume 4
green-194,ICE AGE
green-195,Raggs PAWSUUUP! BOW WOW BOOGIE
green-196,SHREK 2
green-197,THE INCREDIBLES DISC 1
green-198,THE INCREDIBLES DISC 2
green-199,Bob the Builder CHIP OFF THE OLD BLOCK
green-200,PARTY TIME WITH BEAR
green-201,Come On and Party Hi-5
green-202,STOP LOOK LISTEN Hi-5
green-203,MARS NEEDS MOMS
green-204,E.T. THE EXTRA-TERRESRIAL
green-205,SANTA CLAWS
green-206,ABC FOR KIDS FUN in the SUN
green-207,ABC FOR KIDS Story Time
green-208,BANANA’S in PYJAMAS Banana Dance
green-209,HERCULES
green-210,IVANHOE
green-211,THE Treacle People
green-213,CARTOON Fairy Tales
green-214,HIGGLYTOWN HEROES
green-215,little einsteins GO to America
green-216,FUTURAMA SEASON FOUR DISC THREE
green-217,In the Night Garden… Hello Igglepiggle
green-219,BLUEY Queens and other stories
green-221,HOME ON THE RANGE
green-222,JOHNNY BRAVO   Disc 1
green-223,JOHNNY BRAVO   Disc 2
green-224,COURAGE THE COWARDLY DOG
green-225,COURAGE THE COWARDLY DOG
green-226,CARTOON FESTIVAL VOL.5
green-227,SHERLOCK GNOMES
green-242,DRAGONBALL Collection 4 Disc 2
green-243,DRAGONBALL Collection 5 Disc 1
green-244,DRAGONBALL Collection 5 Disc 2
green-245,DRAGONBALL Collection 6 Disc 1
green-246,DRAGONBALL Collection 6 Disc 2
green-258,DONALD’S Laugh Factory
green-259,Tiny Toon Adventures Season 1 Volume 2 Disc 1
green-260,Tiny Toon Adventures Season 1 Volume 2 Disc 2
green-261,Tiny Toon Adventures Season 1 Volume 2 Disc 3
green-262,Tiny Toon Adventures Season 1 Volume 2 Disc 1
green-263,DOT AND THE KANGAROO
green-267,JUNGLE BOOK
green-268,TABALUGA
green-271,Bambaloo Box Set 3 Disc 1
green-272,Bambaloo Box Set 3 Disc 2
green-273,Bambaloo Box Set 3 Disc 3
green-274,Pound Puppies Homeward Pound
green-275,Winx CLUB BELIEVE in MAGIC
green-283,THE DAY MY BUTT WENT PSYCHO!
green-284,GERONIMO STILTON VOUME 2
green-285,TWAS THE NIGHT BEFORE BUMPY
green-286,KERMIT’S SWAMP YEARS & THE MUPPETS TAKE MANHATTAN
green-287,THE SUPER MARIO BROS SUPER SHOW! ALL STEAMED UP DISC 1
green-288,THE SUPER MARIO BROS SUPER SHOW!
green-289,LETS GO GHOSTBUSTERS VOLUME 2 DISC 1
green-290,LETS GO GHOSTBUSTERS VOLUME 2 DISC 2
green-291,LETS GO GHOSTBUSTERS VOLUME 2 DISC 3
green-294,COUNTDOWN TO CHRISTMAS
green-295,ASTROBOY VOLUME 3
green-296,ASTROBOY VOLUME 4
green-297,ASTROBOY VOLUME 6
green-298,ASTROBOY VOLUME 9
green-299,ASTROBOY VOLUME 10
green-300,NICKELODEON HALLOWEEN SPECIALS
green-301,EVERYBODY LOVES DONALD
green-302,SATURDAY MORNING CARTOON COLLECTION DISC 1
green-303,SATURDAY MORNING CARTOON COLLECTION DISC 2
green-304,SATURDAY MORNING CARTOON COLLECTION DISC 3
green-305,SATURDAY MORNING CARTOON COLLECTION DISC 4
green-306,SATURDAY MORNING CARTOON COLLECTION DISC 5
green-307,SATURDAY MORNING CARTOON COLLECTION DISC 6
green-308,SATURDAY MORNING CARTOON COLLECTION DISC 7
green-309,THE MANY ADVENTURES OF WINNIE THE POOH
green-310,TOYS AND PETS
green-311,MICKEY’S TWICE UPON A CHRISTMAS
green-312,SONIC THE HEDGEHOG
green-313,DIGIMON S1 DISC 1
green-314,DIGIMON S1 DISC 2
green-315,DIGIMON S1 DISC 3
green-316,DIGIMON S1 DISC 4
green-317,DIGIMON S1 DISC 5
green-318,DIGIMON S1 DISC 6
green-319,DIGIMON S1 DISC 7
green-320,DIGIMON S1 DISC 8
green-321,DIGIMON S2 DISC 1
green-322,DIGIMON S2 DISC 2
green-323,DIGIMON S2 DISC 3
green-324,DIGIMON S2 DISC 4
green-325,DIGIMON S2 DISC 5
green-326,DIGIMON S2 DISC 6
green-327,DIGIMON S2 DISC 7
green-328,DIGIMON S2 DISC 8
green-329,DIGIMON S3 DISC 1
green-330,DIGIMON S3 DISC 2
green-331,DIGIMON S3 DISC 3
green-332,DIGIMON S3 DISC 4
green-333,DIGIMON S3 DISC 5
green-334,DIGIMON S3 DISC 6
green-335,DIGIMON S3 DISC 7
green-336,DIGIMON S3 DISC 8
green-337,DIGIMON S4 DISC 1
green-338,DIGIMON S4 DISC 2
green-339,DIGIMON S4 DISC 3
green-340,DIGIMON S4 DISC 4
green-341,DIGIMON S4 DISC 5
green-342,DIGIMON S4 DISC 6
green-343,DIGIMON S4 DISC 7
green-344,DIGIMON S4 DISC 8
green-345,DIGIMON S5 DISC 1
green-346,DIGIMON S5 DISC 2
green-347,DIGIMON S5 DISC 3
green-348,DIGIMON S5 DISC 4
green-349,DIGIMON S5 DISC 5
green-350,DIGIMON S5 DISC 6
green-351,DIGIMON S5 DISC 7
green-352,DIGIMON S5 DISC 8
green-353,20 GARFIELD STORIES
green-354,The Wacky World Of Tex Avery Volume 1  Disc 1
green-355,The Wacky World Of Tex Avery Volume 1  Disc 2
green-356,The Wacky World Of Tex Avery Volume 1  Disc 3
green-357,The Wacky World Of Tex Avery Volume 1  Disc 4
green-358,Diego Saves The World
green-359,The Avenging Apes of Africa
green-360,Thomas and Friends Trainloads of Thomas Fun Disc 1
green-361,Thomas and Friends Trainloads of Thomas Fun Disc 2
green-363,Sesame Street Guess that Shape and Colour
green-364,Rugrats Season 1 Disc 1
green-365,Rugrats Season 1 Disc 2
green-366,Spongebob Season 6 Disc 1
green-367,Spongebob Season 6 Disc 2
green-369,Spongebob Season 6 Disc 4
green-370,Spongebob Season 7 Disc 1
green-371,Spongebob Season 7 Disc 2
green-372,Spongebob Season 7 Disc 3
green-373,Spongebob Season 7 Disc 4
green-374,THE BIG KNIGHTS
green-375,THE SECRET OF NIMH 1
green-376,THE SECRET OF NIMH 2
green-377,GARFIELD AND FRIENDS SEASON 1 DISC 1
green-378,GARFIELD AND FRIENDS SEASON 1 DISC 2
green-379,GARFIELD AND FRIENDS SEASON 2 DISC 1
green-380,GARFIELD AND FRIENDS SEASON 2 DISC 2
green-381,GARFIELD AND FRIENDS SEASON 2 DISC 3
green-382,GARFIELD AND FRIENDS SEASON 3 DISC 1
green-383,GARFIELD AND FRIENDS SEASON 3 DISC 2
green-384,TINY TOON ADVENTURES VOLUME 3 DISC 1
green-385,TINY TOON ADVENTURES VOLUME 3 DISC 2
green-386,TINY TOON ADVENTURES VOLUME 4 DISC 1
green-387,TINY TOON ADVENTURES VOLUME 4 DISC 2
green-388,CHIP N DALE TROUBLE IN A TREE
green-389,CHIP N DALE HERE COMES TROUBLE
green-390,BARTOK THE MAGNIFICIENT
green-391,"PEPPA PIG, PEPPA’S CHRISTMAS VISIT"
green-392,PEPPA PIG CHRISTMAS DOUBLE PACK DISC 1
green-393,PEPPA PIG CHRISTMAS DOUBLE PACK DISC 2
green-394,"NELLA THE PRINCESS KNIGHT, THE KNIGHT BEFORE CHRISTMAS"
green-395,TINY TOON ADVENTURES HOW I SPENT MY VACATION
green-396,Street Sharks Disc 1
green-397,Street Sharks Disc 2
green-398,Street Sharks Disc 3
green-399,Street Sharks Disc 4
green-400,X-Men Volume 1
green-401,Sonic Underground Volume 1
green-402,Fantastic Four- A legend begins
green-403,Iron Man Disc 1
green-404,Iron Man Disc 2
green-405,Iron Man Disc 3
green-406,Maisy Animals
green-407,Teletubbies 10 Happy Birthday
green-408,Louie Draw Me A Tractor
green-409,Sabrina’s Secret Life   Volume 1
green-410,Sabrina’s Secret Life   Volume 2
green-411,Sabrina’s Secret Life   Volume 3
green-412,Ben 10 Ultimate Alien  Disc 1
green-414,Ben 10 Omniverse  Disc 1
green-415,Ben 10 Omniverse  Disc 2
green-416,Ben 10 Omniverse Vol 2 Disc 1
green-417,Ben 10 Omniverse  Vol 2 Disc 2
green-418,Ben 10 Ultimate Alien  Volume 7
green-419,The Twisted Tales of Felix the Cat Disc 1
green-420,The Twisted Tales of Felix the Cat Disc 2
green-421,The Twisted Tales of Felix the Cat Disc 3
green-422,The Best of C.O.P.S.
green-423,HERMAN & FRIENDS
green-424,Gullivers Travels
green-425,Cartoon Classics Vol. 10
green-426,SpongeBob Squarepants   Tide and Seek
green-428,BEST PALS Mickey & Pluto
green-429,G.I. JOE        RESOLUTE
green-430,ANGRY BEAVERS  VOLUME 1 DISC 1
green-431,ANGRY BEAVERS  VOLUME 1 DISC 2
green-432,ANGRY BEAVERS  VOLUME 1 DISC 3
green-433,ANGRY BEAVERS  VOLUME 1 DISC 4
green-434,ANGRY BEAVERS VOLUME 2 DISC 1
green-435,ANGRY BEAVERS VOLUME 2 DISC 2
green-436,ANGRY BEAVERS VOLUME 2 DISC 3
green-437,ANGRY BEAVERS VOLUME 2 DISC 4
green-438,ANGRY BEAVERS VOLUME 2 DISC 5
green-439,ANGRY BEAVERS VOLUME 2 DISC 6
green-440,FIREMAN SAM      SET FOR ACTION!
green-441,FIREMAN SAM     RACE AGAINST TIME
green-443,AAAHH!!! REAL MONSTERS VOLUME 1 DISC 2
green-444,AAAHH!!! REAL MONSTERS VOLUME 1 DISC 3
green-445,AAAHH!!! REAL MONSTERS VOLUME 1 DISC 4
green-446,AAAHH!!! REAL MONSTERS VOLUME 2 DISC 1
green-447,AAAHH!!! REAL MONSTERS VOLUME 2 DISC 2
green-448,AAAHH!!! REAL MONSTERS VOLUME 2 DISC 3
green-449,AAAHH!!! REAL MONSTERS VOLUME 2 DISC 4
green-450,GARFIELD GETS REAL
green-451,KIMBA THE WHITE LION VOLUME 2 DISC 3
green-452,KIMBA THE WHITE LION VOLUME 2 DISC 4
green-453,KIMBA THE WHITE LION VOLUME 4 DISC 7
green-454,KIMBA THE WHITE LION VOLUME 4 DISC 8
green-455,KIMBA THE WHITE LION VOLUME 5 DISC 9
green-457,SEALAB 2020 DISC 1
green-458,SEALAB 2020 DISC 2
green-459,MARINE BOY SEASON 1 DISC 1
green-460,MARINE BOY SEASON 1 DISC 2
green-461,MARINE BOY SEASON 1 DISC 3
green-462,SPONGEBOB SQUAREPANTS BIKINI BOTTOM ADVENTURES
green-463,THE WILD THORNBERRYS SEASON 1 DISC 1
green-464,THE WILD THORNBERRYS SEASON 1 DISC 2
green-465,THE WILD THORNBERRYS SEASON 1 DISC 3
green-466,THE WILD THORNBERRYS SEASON 1 DISC 4
green-467,THE WILD THORNBERRYS SEASON 2 DISC 1
green-468,THE WILD THORNBERRYS SEASON 2 DISC 2
green-469,THE WILD THORNBERRYS SEASON 2 DISC 3
green-470,THE WILD THORNBERRYS SEASON 2 DISC 4
green-471,THE WILD THORNBERRYS SEASON 2 DISC 5
green-472,THE WILD THORNBERRYS SEASON 2 DISC 6
green-473,THE WILD THORNBERRYS SEASON 3 DISC 1
green-474,THE WILD THORNBERRYS SEASON 3 DISC 2
green-475,THE WILD THORNBERRYS SEASON 3 DISC 3
green-476,THE WILD THORNBERRYS SEASON 4 & 5 DISC 1
green-477,THE WILD THORNBERRYS SEASON 4 & 5 DISC 2
green-478,DONALD DUCK’S CHRISTMAS FAVOURITES
green-479,THE NIGHTMARE BEFORE CHRISTMAS DISC 1
green-480,THE NIGHTMARE BEFORE CHRISTMAS DISC 2
green-481,THE ALVINNN!!! EDTION DISC 1
green-482,THE ALVINNN!!! EDITION DISC 2
green-483,3 MOVIE COLLECTION- MICKEY’S CHRISTMAS CAROL
green-484,3 MOVIE COLLECTION-THE MUPPETS CHRISTMAS CAROL
green-485,"3 MOVIE COLLECTION-CELEBRATE CHRISTMAS WITH MICKEY, DONALD & FRIENDS"
green-486,The Adventures of Super Mario Bros 3 The Trouble with Koopas  
green-488,Looney Tunes Collection   ALL STARS  Volume 4
green-489,SPIES IN DISGUISE
green-490,2 STUPID DOGS / SECRET SQUIRREL SHOW   VOLUME ONE   DISC 1
green-491,2 STUPID DOGS / SECRET SQUIRREL SHOW   VOLUME ONE   DISC 2
green-492,BEST of PORKY PIG   VOLUME 2
green-493,JOHNNY QUEST   The Complete First Season   DISC 1
green-494,JOHNNY QUEST   The Complete First Season   DISC 2
green-495,JOHNNY QUEST    The Complete First Season    DISC 3
green-496,50 CARTOON COLLECTION LOONEY TUNES   Disc 1
green-497,50 CARTOON COLLECTION LOONEY TUNES    Disc 2
green-498,25 CARTOON COLLECTION LOONEY TUNES    Disc 1
green-499,25 CARTOON COLLECTION LOONEY TUNES    Disc 2
green-500,MICKEY’S LAUGH FACTORY
green-501,FUNNY FACTORY with GOOFY Vol 3
green-502,GIANT 600 CARTOON COLLECTION DISC 1
green-503,GIANT 600 CARTOON COLLECTION DISC 2
green-504,GIANT 600 CARTOON COLLECTION DISC 3
green-505,GIANT 600 CARTOON COLLECTION DISC 4
green-506,GIANT 600 CARTOON COLLECTION DISC 5
green-507,GIANT 600 CARTOON COLLECTION DISC 6
green-508,GIANT 600 CARTOON COLLECTION DISC 7
green-509,GIANT 600 CARTOON COLLECTION DISC 8
green-510,GIANT 600 CARTOON COLLECTION DISC 9
green-511,GIANT 600 CARTOON COLLECTION DISC 10
green-512,GIANT 600 CARTOON COLLECTION DISC 11
green-513,GIANT 600 CARTOON COLLECTION DISC 12
green-514,CLASSIC CARTOONS VOLUME 1&2 DISC 1 SIDE A
green-515,CLASSIC CARTOONS VOLUME 1&2 DISC 1 SIDE B
green-516,CLASSIC CARTOONS VOLUME 1&2 DISC 2 SIDE A
green-517,CLASSIC CARTOONS VOLUME 1&2 DISC 2 SIDE B
green-518,UNDERDOG      Volume 2  Disc 1
green-519,UNDERDOG      Volume 2  Disc 2
green-520,UNDERDOG      Volume 2 Disc 3
green-521,A BOY NAMED CHARLIE BROWN
green-522,THE PEBBLE AND THE PENGUIN
green-523,THE WIND IN THE WILLOWS
green-524,AROUND THE WORLD IN 80 DAYS
green-525,BLACK BEAUTY
green-526,Transformers Generation One Disc 1
green-527,Transformers Generation One Disc 2
green-528,Transformers Generation One Disc 3
green-529,Generator Rex Disc 1
green-530,Generator Rex Disc 2
green-531,PENGUIN LAND
green-532,THE FLINTSTONES THE COMPLETE FIRST SEASON DISC 1
green-533,THE FLINTSTONES THE COMPLETE FIRST SEASON DISC 2
green-534,THE FLINTSTONES THE COMPLETE FIRST SEASON DISC 3
green-535,THE FLINTSTONES THE COMPLETE FIRST SEASON DISC 4
green-536,THE FLINTSTONES THE COMPLETE FIRST SEASON DISC 5
green-537,THE JETSONS THE COMPLETE FIRST SEASON DISC 1
green-538,THE JETSONS THE COMPLETE FIRST SEASON DISC 2
green-541,DIEGO’S MAGICAL MISSIONS
green-542,MADELINE    MADELINE’S RESCUE
green-543,GOLDILOCK AND THE THREE BEARS
green-544,DIGIMON THE MOVIE
green-545,THE JUNGLE KING
green-546,WHAT A CARTOON DISC 1
green-547,WHAT A CARTOON DISC 2
green-548,WHAT A CARTOON DISC 3
green-549,WHAT A CARTOON DISC 4
green-550,MICKEY’S TREAT
green-551,GOOBER AND THE GHOST CHASERS DISC 1
green-552,GOOBER AND THE GHOST CHASERS DISC 2
green-553,GOOBER AND THE GHOST CHASERS DISC 3
green-554,GOOBER AND THE GHOST CHASERS DISC 4
green-555,BEETLEJUICE SEASON 1 DISC 1
green-556,BEETLEJUICE SEASON 1 DISC 2
green-557,BEETLEJUICE SEASON 2 DISC 1
green-558,BEETLEJUICE SEASON 3 DISC 1
green-559,BEETLEJUICE SEASON 4 PART ONE DISC1
green-560,BEETLEJUICE SEASON 4 PART ONE DISC 2
green-561,BEETLEJUICE SEASON 4 PART ONE DISC 3
green-562,BEETLEJUICE SEASON 4 PART ONE DISC 4
green-563,BEETLEJUICE SEASON 4 PART TWO DISC 5
green-564,BEETLEJUICE SEASON 4 PART TWO DISC 6
green-565,BEETLEJUICE SEASON 4 PART TWO DISC 7
green-566,BEETLEJUICE SEASON 4 PART TWO DISC 8
green-567,HANNA-BARBERA CHRISTMAS CLASSICS COLLECTION
green-568,Christmas Animated Classics The Nutcracker Sweet
green-569,Christmas Animated Classics Annabelle’s Wish
green-570,Christmas Animated Classics Dot and Santa Claus
green-571,PEANUTS  Lucy
green-572,PEANUTS  Charlie Brown
green-573,PEANUTS  Shroeder
green-574,PEANUTS  Peppermint Patty
green-575,PEANUTS  Linus
green-576,PEANUTS  Woodstock
green-577,SNORKS Season 1 Disc 1
green-578,SNORKS Season 1 Disc 2
green-579,THE SYLVESTER AND TWEETY MYSTERIES SEASON 1 DISC 1
green-580,THE SYLVESTER AND TWEETY MYSTERIES SEASON 1 DISC 2
green-581,HAVE YOURSELF A GOOFY LITTLE CHRISTMAS
green-582,DISNEY EXTREME ADVENTURE FUN
green-583,BANJO THE WOODPILE CAT
green-584,CLASS OF 3000 SEASON 1 DISC 1
green-585,CLASS OF 3000 SEASON 1 DISC 2
green-586,YOGI’S GANG DISC 1
green-587,YOGI’S GANG DISC 2
green-588,WACKY RACES DISC 1
green-589,WACKY RACES DISC 2  A
green-589,WACKY RACES DISC 3  B
green-590,DROOPY THE COMPLETE THEATRICAL COLLECTION DISC 1
green-591,DROOPY THE COMPLETE THEATRICAL COLLECTION DISC 2
green-592,HANNA BARBERA HOLIDAY TRIPLE FEATURE
green-593,A VERY NICKELODEON CHRISTMAS
green-594,ROCKET POWER SEASON 1 DISC 1
green-595,ROCKET POWER SEASON 1 DISC 2
green-596,ROCKET POWER SEASON 1 DISC 3
green-597,ROVER DANGERFIELD THE DOG THAT GETS NO RESPECT
green-598,RAYMOND BRIGGS FATHER CHRISTMAS
green-599,RAYMOND BRIGGS THE SNOWMAN
green-600,RAYMOND BRIGGS THE SNOWMAN AND THE SNOWDOG
green-601,THE ADVENTURES OF CHUCK & FRIENDS FIXED THAT FOR YOU
green-602,POKEMON SINNOH LEAGUE VICTORS DISC 1
green-603,POKEMON SINNOH LEAGUE VICTORS DISC 2
green-604,THE TIGER WHO CAME TO TEA
green-605,Elf Pets Santa’s St. Bernards Save Christmas
green-606,THE MITCHELLS VS THE MACHINES
green-607,MULAN
green-608,THE HUNCHBACK OF NOTRE DAME
green-609,BLACK ARROW
green-610,KIDNAPPED
green-611,THE PRISONER OF ZENDA
green-612,THE LAST MOHICANS
green-613,DON QUIXOTE
green-614,FERNGULLY THE LAST RAINFOREST
green-615,GARFIELD THE MOVIE
green-616,THE LION GUARD RETURN OF THE ROAR
green-617,WONDER PARK
green-618,ADVENTURES IN ZAMBEZIA
green-619,SHERLOCK GNOMES
green-620,SURFS UP 2 WAVEMANIA
green-621,CASPER
green-622,FERDINAND
green-623,THE JUNGLE BOOK
green-624,THE JUNGLE BOOK 2
green-625,ATTACK OF THE KILLER TOMATOES DISC 1
green-626,ATTACK OF THE KILLER TOMATOES DISC 2
green-627,WIDGETS WALKABOUT
green-628,PLUTO IN DUTCH
green-629,THE ANIMALS OF FARTHING WOOD
green-630,CASPER AND THE ANGELS
green-631,THE KWICKY KOALA SHOW SEASON 1 DISC 1
green-632,THE KWICKY KOALA SHOW SEASON 1 DISC 2
green-633,FREE WILLY SEASON 1 EPISODE 1
green-634,NOAH’S ISLAND SEASON 1 EPISODE 1
green-635,AVENGER PENGUINS
green-636,BIKER MICE FROM MARS
green-637,BLACKSTAR
green-638,THE CHARLIE BROWN AND SNOOPY SHOW DISC 1
green-639,THE CHARLIE BROWN AND SNOOPY SHOW DISC 2
green-640,THE CHARLIE BROWN AND SNOOPY SHOW DISC 3
green-641,BOBBY’S WORLD
green-642,BONKERS
green-643,THE BOTS MASTER
green-644,BRAVESTARR
green-645,BUCKY O’HARE AND THE TOAD MENACE
green-646,CAPTAIN N THE GAME MASTER
green-647,CAPTAIN SIMIAN AND THE SPACE MONKEYS
green-648,THE COMIC STRIP
green-649,CONAN THE ADVENTURER
green-650,CYBERSIX
green-651,DARKSTALKERS
green-652,DEFENDERS OF THE EARTH
green-653,DINO RIDERS
green-654,DINOSAUCERS
green-656,CAPTAIN STAR
green-657,DONKEY KONG COUNTRY
green-658,DOUBLE DRAGON
green-659,DRAGON FLYZ
green-660,EAGLE RIDERS
green-661,EEK THE CAT
green-662,THE FAMILY NESS
green-663,FANTOM CAT
green-664,FERAL TV
green-665,FIEVEL’S AMERICAN TAILS
green-666,FIREMAN SAM
green-667,FLASH GORDON
green-668,FLY TALES
green-669,THE FOX BUSTERS
green-670,FROGGER
green-671,FREAKY STORIES
green-672,FUNNYBONES
green-673,GADGET BOYS
green-674,GARGOYLES
green-675,THE GENIE FROM DOWN UNDER
green-676,GI JOE
green-677,GODZILLA
green-678,GOGS
green-679,GRAVEDALE HIGH
green-680,HERO HIGH
green-681,HIGHLANDER
green-682,HOT ROD DOGS AND COOL CAR CATS
green-683,HURRICANES
green-684,INHUMANOIDS
green-685,INSEKTORS
green-686,IT’S PUNKY BREWSTER
green-687,JAYCE AND THE WHEELED WARRIORS
green-688,THE KARATE KID
green-689,KING ARTHUR AND THE KNIGHTS OF JUSTICE
green-690,LADY LOVELY LOCKS
green-691,THE LEGEND OF PRINCE VALIANT
green-692,THE LEGENDS OF TREASURE ISLAND
green-693,THE LEGEND OF ZELDA
green-694,THE LITTLE LULU SHOW
green-695,LITTLE MONSTERS
green-696,LITTLE WIZARDS
green-697,THE LITTLES
green-698,THE LITTLE POLAR BEAR
green-699,LUCKY LUKE
green-700,THE MAGIC ADVENTURES OF MUMFIE
green-701,THE MASK
green-702,MEGA MAN
green-703,MEN IN BLACK
green-704,MERLIN THE MAGICAL PUPPY
green-705,MICROSCOPIC MILTON
green-706,MIGHTY DUCKS
green-707,MIGHTY ORBOTS
green-708,MIGHTY MAX
green-709,MONSTER FORCE
green-710,MOT
green-711,MOTHER GOOSE AND GRIMM
green-712,MUMMIES ALIVE
green-713,MUTANT LEAGUE
green-714,NEDS NEWT
green-715,NIGHTMARE NED
green-716,NODDY
green-717,OAKIE DOKE
green-718,OCEAN GIRL
green-719,OGGY AND THE COCKROACHES
green-720,ONCE UPON A TIME
green-721,OLLIVERS ADVENTURES
green-722,OSCAR AND FRIENDS
green-723,OSCARS ORCHESTRA
green-724,OZ KIDS
green-725,PABLO THE LITTLE RED FOX
green-726,PAW PAWS
green-727,PERCY THE PARK KEEPER
green-728,PETALS
green-729,PEPPER ANN
green-730,PETER PAN AND THE PIRATES
green-731,PHANTOM 2040
green-732,PHILBERT FROG
green-733,THE SIMPSONS COMPLETE 6th SEASON DISC 1
green-734,THE SIMPSONS COMPLETE 6th SEASON DISC 2
green-735,THE SIMPSONS COMPLETE 6th SEASON DISC 3
green-736,THE SIMPSONS COMPLETE 6th SEASON DISC 4
green-737,FAMILY GUY SEASON 1 DISC 1
green-738,FAMILY GUY SEASON 1 DISC 2
green-739,FAMILY GUY SEASON 2 DISC 1
green-740,FAMILY GUY SEASON 2 DISC 2
green-741,FAMILY GUY SEASON 3 DISC 1
green-742,FAMILY GUY SEASON 3 DISC 2
green-743,FAMILY GUY SEASON 3 DISC 3
green-744,FAMILY GUY UNCOVERED DISC 1
green-745,FAMILY GUY UNCOVERED DISC 1
green-746,PIGGSBURG PIGS
green-747,THE PINK PANTHER
green-748,THE PIRATES OF DARK WATER
green-749,POLE POSITION
green-750,POLICE ACADEMY
green-751,POPEYE AND SON
green-752,POPPLES
green-753,POSTMAN PAT
green-754,CAILLOU… THE CAT’S MEOW
green-755,GERONIMO STILTON
green-756,THE BISKITTS THE COMPLETE SERIES DISC 1
green-757,THE BISKITTS THE COMPLETE SERIES DISC 2
green-758,POTATOES AND DRAGONS
green-759,PRINCESS GWENEVERE AND THE JEWEL RIDERS
green-760,PRO STARS
green-761,THE QUEENS NOSE
green-762,THE RACCOONS
green-763,RAINBOW BRITE
green-764,THE REAL GHOSTBUSTERS
green-765,REBOOT
green-766,LOONEY TUNES COMPLETE PLATINUM COLLECTION DISC 1 VOLUME 1
green-767,LOONEY TUNES COMPLETE PLATINUM COLLECTION DISC 2 VOLUME 1
green-768,LOONEY TUNES COMPLETE PLATINUM COLLECTION DISC 3 VOLUME 2
green-769,LOONEY TUNES COMPLETE PLATINUM COLLECTION DISC 4 VOLUME 2
green-770,LOONEY TUNES COMPLETE PLATINUM COLLECTION DISC 5 VOLUME 3
green-771,LOONEY TUNES COMPLETE PLATINUM COLLECTION DISC 6 VOLUME 3
green-772,CENTURIONS THE ORIGINAL MINISERIES
green-773,ROBOCOP
green-774,THE ROBONIC STOOGES
green-775,RUBBISH KING OF THE JUMBLE
green-776,SABER RIDER AND THE STAR SHERIFFS
green-777,SAILOR MOON
green-778,SAMURAI PIZZA CATS
green-779,SANTO BUGITO
green-780,SEABERT
green-781,THE SECRET FILES OF SPYDOGS
green-782,SESAME STREET
green-783,SHADOW RAIDERS
green-784,SHERLOCK HOLMES IN THE 22ND CENTURY
green-785,THE SHNOOKUMS AND MEAT FUNNY CARTOON SHOW
green-786,SHE RA PRINCESS OF POWER
green-787,SILVER SURFER
green-788,SKELETON WARRIORS
green-789,SOOTY & CO
green-790,SOUL MUSIC
green-791,SPACE GOOFS
green-792,SPIDER MAN
green-793,SPIDER MAN AND HIS AMAZING FRIENDS
green-794,SPIDER MAN
green-795,SPIDER WOMAN
green-796,STONE PROTECTORS
green-797,STREET FIGHTER
green-798,STUNT DAWGS
green-799,SUPER DAVE
green-800,SUPERMAN
green-801,SWAMP THING
green-802,SYLVANIAN FAMILIES
green-803,Littlest Pet Shop- Strike a Pose!
green-804,Mighty Mouse The New Adventures! Disc 1
green-805,Mighty Mouse The New Adventures! Disc 2
green-806,Mighty Mouse The New Adventures! Disc 3
green-807,Spongebob Squarepants Legends of Bikini Bottom
green-808,THE LITTLE MERMAID
green-809,THE FLINTSTONE KIDS DISC 1
green-810,THE FLINTSTONE KIDS DISC 2
green-811,CHALLENGE OF THE GOBOTS
green-812,CLUE CLUB DISC 1
green-813,CLUE CLUB DISC 2
green-814,FANTASTIC MAX
green-815,DISNEY’S CHRISTMAS FAVOURITES
green-816,ALADDIN THE COMPLETE SERIES
green-817,SUPER MARIO BROS. SUPER SHOW 1UP
green-818,SUPER MARIO BROS. SUPER SHOW 2UP
green-819,SUPER MARIO BROS. SUPER SHOW 3UP
green-820,SUPER MARIO BROS. SUPER SHOW 4UP
green-821,SUPER MARIO BROS. SUPER SHOW 5UP
green-822,SUPER MARIO BROS.
green-823,ALBERT THE 5TH MUSKETEER
green-824,DAVID THE GNOME
green-825,DRAGON’S LAIR DISC 1
green-826,DRAGON’S LAIR DISC 2
green-827,DROOPY MASTER DETECTIVE
green-828,DUMB AND DUMBER DISC 1
green-829,DUMB AND DUMBER DISC 2
green-830,GALTAR AND THE GOLDEN LANCE DISC 1
green-831,GALTAR AND THE GOLDEN LANCE DISC 2
green-832,GALTAR AND THE GOLDEN LANCE DISC 3
green-833,HEATHCLIFF
green-834,THE INCREDIBLE HULK DISC 1
green-835,THE INCREDIBLE HULK DISC 2
green-836,THE JUNGLE BOOK
green-837,MISTER T
green-838,MY PET MONSTER
green-839,WHERE ON EARTH IS CARMEN SANDIEGO
green-840,WISH KID
green-841,THE WIZARD OF OZ
green-842,ALL DOGS GO TO HEAVEN
green-843,ANTHONY ANT
green-844,BAD DOG
green-845,BUMP IN THE NIGHT
green-846,CREEPY CRAWLERS
green-847,CRO
green-848,DENNIS THE MENACE
green-849,DENVER THE LAST DINOSAUR
green-850,DINK THE LITTLE DINOSAUR
green-851,DOGTANIAN AND THE THREE MUSKEHOUNDS
green-852,THE GET ALONG GANG
green-853,HERCULES
green-854,THE INCREDIBLE HULK
green-855,JEM
green-856,THE LITTLE MERMAID
green-857,MORTAL KOMBAT
green-858,MUPPET BABIES
green-859,THE NEW ADVENTURES OF WINNIE THE POOH
green-860,POUND PUPPIES
green-861,TOXIC CRUSADERS
green-862,TROLLKINS
green-863,WAYNEHEAD
green-864,THE TICK VS. SEASON 1 DISC 1
green-865,THE TICK VS. SEASON 1 DISC 2
green-867,THE LITTLE MERMAID
green-868,JUNGLE GIRL and the LOST ISLAND of DINOSAURS
green-869,THE HUNCHBACK OF NOTRE DAME
green-870,A.B.C.  HIT CLIPS
green-871,PELSWICK VOLUME 2
green-872,BASIL THE GREAT MOUSE DETECTIVE
green-873,FANTASIA
green-874,POPEYE AND FRIENDS VOLUME 2
green-875,MAGGIE AND THE FEROCIOUS BEAST VOLUME 1
green-876,LEO THE LION VOLUME 3
green-877,"MILLY, MOLLY ADVENTURES"
green-878,GOLDEN FILMS THE WIZARD OF OZ & SNOW WHITE AND THE SEVEN DWARFS
green-879,YOUNG POCAHONTAS
green-880,THE ADVENTURES OF TEDDY RUXPIN
green-881,BOB AND MARGARET
green-882,EXTREME DINOSAURS
green-883,FLYING RHINO JUNIOR HIGH
green-884,HISTERIA
green-885,ULYSSES 31
green-886,WHAT A MESS
green-887,YVON OF THE YUKON
green-888,HEY ARNOLD! SEASON 1 DISC 1
green-889,HEY ARNOLD! SEASON 1 DISC 2
green-890,HEY ARNOLD! SEASON 1 DISC 3
green-891,HEY ARNOLD! SEASON 1 DISC 4
green-892,LILY’S DRIFTWOOD BAY SEA TREASURE AND ACROSS THE BAY DISC 1
green-893,LILY’S DRIFTWOOD BAY SEA TREASURE AND ACROSS THE BAY DISC 2
green-894,LILY’S DRIFTWOOD BAY SEA ALL ABOARD AND HOLD ONTO YOUR HAT DISC 1
green-895,LILY’S DRIFTWOOD BAY SEA ALL ABOARD AND HOLD ONTO YOUR HAT DISC 2
green-896,TIN TIN  DISC ONE
green-897,TIN TIN  DISC TWO
green-898,TIN TIN  DISC THREE
green-899,TIN TIN  DISC FOUR
green-900,TIN TIN  DISC FIVE
green-901,BUDGIE THE LITTLE HELICOPTER “PIPPA ARRIVES”
green-902,BOO! COUNTRY ADVENTURES
green-903,THE ADVENTURES OF THE LITTLE KOALA
green-904,ANIMAL CRACKERS
green-905,BABY HUEY SHOW
green-906,THE BASKERVILLES
green-907,BANGERS AND MASH
green-908,BILLY THE CAT
green-909,BIRDZ
green-910,BRAMBLY HEDGE
green-911,DETENTION
green-912,DOUG
green-913,ECKHART
green-914,EXTREME GHOSTBUSTERS
green-915,THE FANTASTIC VOYAGES OF SINBAD THE SAILOR
green-916,GREATEST ADVENTURES STORIES FROM THE BIBLE
green-917,HAIRY MACLARY
green-918,HILLTOP HOSPITAL
green-919,IN THE BEGINNING
green-920,JUMANJI
green-921,KIPPER
green-922,LI’L ELVIS
green-923,MOPATOP’S SHOP VOLUME 1 DISC 1
green-924,MOPATOP’S SHOP VOLUME 1 DISC 2
green-925,MOPATOP’S SHOP VOLUME 1 DISC 3
green-926,THE NEW WOODY WOODPECKER SHOW
green-927,THE NEW ADVENTURES OF ZORRO
green-928,PB AND J OTTER
green-929,POWERTEAM
green-930,RECESS
green-931,ROAD ROVERS
green-932,BUDGIE THE LITTLE HELICOPTER 
green-933,ETHELBERT THE TIGER
green-934,THE HUNCHBACK OF NOTRE DAME
green-935,BALTO
green-936,BALTO WOLF QUEST
green-937,BALTO WINGS OF CHANGE
green-938,BROTHER BEAR
green-939,SABAN’S ADVENTURES OF OLIVER TWIST
green-940,SABAN’S ADVENTURES OF THE LITTLE MERMAID
green-941,SABAN’S AROUND THE WORLD IN 80 DREAMS
green-942,SABAN’S GULLIVER’S TRAVELS
green-943,THE SAVAGE DRAGON
green-944,STOP THE SMOGGIES
green-945,TARZAN LORD OF THE JUNGLE
green-946,TEEN WOLF
green-947,THE TERRIBLE THUNDERLIZARDS
green-948,THOMAS THE TANK ENGINE AND FRIENDS
green-949,THUNDERCATS
green-950,TIMBUCTOO
green-951,TOONSYLVANIA
green-952,TRANSYLVANIA PET SHOP
green-953,TUTENSTEIN
green-954,VICTOR AND HUGO
green-955,VISIONARIES KNIGHTS OF THE MAGICAL LIGHT
green-956,VOLTRON
green-957,VYTOR THE STARFIRE CHAMPION
green-958,WATERSHIP DOWN
green-959,WALTER MELON
green-960,WEB WOMAN
green-961,WHERE’S WALLY
green-962,WILD C.A.T.S
green-963,WILD WEST COWBOYS OF MOO MESA
green-964,WUZZLES
green-965,YOUNG ROBIN HOOD
green-966,ZOT THE DOG
green-967,64 ZOO LANE
